<ImportExportXml version="9.1.0.6032" SolutionPackageVersion="9.1" languagecode="1033" generatedBy="CrmLive" xmlns:xsi="http://www.w3.org/2001/XMLSchema-instance">
  <SolutionManifest>
    <UniqueName>ContosoConference</UniqueName>
    <LocalizedNames>
      <LocalizedName description="Contoso Conference" languagecode="1033" />
    </LocalizedNames>
    <Descriptions />
    <Version>1.0.0.2</Version>
    <Managed>0</Managed>
    <Publisher>
      <UniqueName>contoso</UniqueName>
      <LocalizedNames>
        <LocalizedName description="Contoso" languagecode="1033" />
      </LocalizedNames>
      <Descriptions />
      <EMailAddress xsi:nil="true"></EMailAddress>
      <SupportingWebsiteUrl xsi:nil="true"></SupportingWebsiteUrl>
      <CustomizationPrefix>contoso</CustomizationPrefix>
      <CustomizationOptionValuePrefix>46327</CustomizationOptionValuePrefix>
      <Addresses>
        <Address>
          <AddressNumber>1</AddressNumber>
          <AddressTypeCode>1</AddressTypeCode>
          <City xsi:nil="true"></City>
          <County xsi:nil="true"></County>
          <Country xsi:nil="true"></Country>
          <Fax xsi:nil="true"></Fax>
          <FreightTermsCode xsi:nil="true"></FreightTermsCode>
          <ImportSequenceNumber xsi:nil="true"></ImportSequenceNumber>
          <Latitude xsi:nil="true"></Latitude>
          <Line1 xsi:nil="true"></Line1>
          <Line2 xsi:nil="true"></Line2>
          <Line3 xsi:nil="true"></Line3>
          <Longitude xsi:nil="true"></Longitude>
          <Name xsi:nil="true"></Name>
          <PostalCode xsi:nil="true"></PostalCode>
          <PostOfficeBox xsi:nil="true"></PostOfficeBox>
          <PrimaryContactName xsi:nil="true"></PrimaryContactName>
          <ShippingMethodCode>1</ShippingMethodCode>
          <StateOrProvince xsi:nil="true"></StateOrProvince>
          <Telephone1 xsi:nil="true"></Telephone1>
          <Telephone2 xsi:nil="true"></Telephone2>
          <Telephone3 xsi:nil="true"></Telephone3>
          <TimeZoneRuleVersionNumber xsi:nil="true"></TimeZoneRuleVersionNumber>
          <UPSZone xsi:nil="true"></UPSZone>
          <UTCOffset xsi:nil="true"></UTCOffset>
          <UTCConversionTimeZoneCode xsi:nil="true"></UTCConversionTimeZoneCode>
        </Address>
        <Address>
          <AddressNumber>2</AddressNumber>
          <AddressTypeCode>1</AddressTypeCode>
          <City xsi:nil="true"></City>
          <County xsi:nil="true"></County>
          <Country xsi:nil="true"></Country>
          <Fax xsi:nil="true"></Fax>
          <FreightTermsCode xsi:nil="true"></FreightTermsCode>
          <ImportSequenceNumber xsi:nil="true"></ImportSequenceNumber>
          <Latitude xsi:nil="true"></Latitude>
          <Line1 xsi:nil="true"></Line1>
          <Line2 xsi:nil="true"></Line2>
          <Line3 xsi:nil="true"></Line3>
          <Longitude xsi:nil="true"></Longitude>
          <Name xsi:nil="true"></Name>
          <PostalCode xsi:nil="true"></PostalCode>
          <PostOfficeBox xsi:nil="true"></PostOfficeBox>
          <PrimaryContactName xsi:nil="true"></PrimaryContactName>
          <ShippingMethodCode>1</ShippingMethodCode>
          <StateOrProvince xsi:nil="true"></StateOrProvince>
          <Telephone1 xsi:nil="true"></Telephone1>
          <Telephone2 xsi:nil="true"></Telephone2>
          <Telephone3 xsi:nil="true"></Telephone3>
          <TimeZoneRuleVersionNumber xsi:nil="true"></TimeZoneRuleVersionNumber>
          <UPSZone xsi:nil="true"></UPSZone>
          <UTCOffset xsi:nil="true"></UTCOffset>
          <UTCConversionTimeZoneCode xsi:nil="true"></UTCConversionTimeZoneCode>
        </Address>
      </Addresses>
    </Publisher>
    <RootComponents>
      <RootComponent type="1" schemaName="contoso_session" behavior="0" />
      <RootComponent type="1" schemaName="contoso_venue" behavior="0" />
      <RootComponent type="1" schemaName="systemuser" behavior="0" />
      <RootComponent type="9" schemaName="contoso_track" behavior="0" />
      <RootComponent type="62" schemaName="contoso_ConferenceAdminApp" behavior="0" />
      <RootComponent type="80" schemaName="contoso_ConferenceAdminApp" behavior="0" />
      <RootComponent type="300" schemaName="contoso_conferenceapp_1966c" behavior="0" />
    </RootComponents>
    <MissingDependencies>
      <MissingDependency>
        <Required key="0" type="1" schemaName="sample_idea" displayName="Idea" solution="InnovationHub (0.0.0.1)" />
        <Dependent key="1" type="10" schemaName="sample_sample_idea_systemuser" displayName="sample_sample_idea_systemuser" parentSchemaName="systemuser" parentDisplayName="User" />
      </MissingDependency>
      <MissingDependency>
        <Required key="2" type="1" schemaName="sample_challenge" displayName="Challenge" solution="InnovationHub (0.0.0.1)" />
        <Dependent key="3" type="10" schemaName="sample_sample_challenge_systemuser" displayName="sample_sample_challenge_systemuser" parentSchemaName="systemuser" parentDisplayName="User" />
      </MissingDependency>
      <MissingDependency>
        <Required key="2" type="1" schemaName="sample_challenge" displayName="Challenge" solution="InnovationHub (0.0.0.1)" />
        <Dependent key="4" type="1" schemaName="systemuser" displayName="User" />
      </MissingDependency>
      <MissingDependency>
        <Required key="5" type="2" schemaName="sample_stakeholdersid" displayName="Stakeholders" parentSchemaName="systemuser" parentDisplayName="User" solution="InnovationHub (0.0.0.1)" />
        <Dependent key="3" type="10" schemaName="sample_sample_challenge_systemuser" displayName="sample_sample_challenge_systemuser" parentSchemaName="systemuser" parentDisplayName="User" />
      </MissingDependency>
      <MissingDependency>
        <Required key="6" type="2" schemaName="sample_teammemberid" displayName="Team member" parentSchemaName="systemuser" parentDisplayName="User" solution="InnovationHub (0.0.0.1)" />
        <Dependent key="1" type="10" schemaName="sample_sample_idea_systemuser" displayName="sample_sample_idea_systemuser" parentSchemaName="systemuser" parentDisplayName="User" />
      </MissingDependency>
      <MissingDependency>
        <Required key="7" type="2" schemaName="sample_ideaid" displayName="Idea" parentSchemaName="sample_idea" parentDisplayName="Idea" solution="InnovationHub (0.0.0.1)" />
        <Dependent key="1" type="10" schemaName="sample_sample_idea_systemuser" displayName="sample_sample_idea_systemuser" parentSchemaName="systemuser" parentDisplayName="User" />
      </MissingDependency>
      <MissingDependency>
        <Required key="8" type="2" schemaName="sample_name" displayName="Name" parentSchemaName="sample_challenge" parentDisplayName="Challenge" solution="InnovationHub (0.0.0.1)" />
        <Dependent key="3" type="10" schemaName="sample_sample_challenge_systemuser" displayName="sample_sample_challenge_systemuser" parentSchemaName="systemuser" parentDisplayName="User" />
      </MissingDependency>
      <MissingDependency>
        <Required key="9" type="2" schemaName="sample_challengeid" displayName="Challenge" parentSchemaName="sample_challenge" parentDisplayName="Challenge" solution="InnovationHub (0.0.0.1)" />
        <Dependent key="3" type="10" schemaName="sample_sample_challenge_systemuser" displayName="sample_sample_challenge_systemuser" parentSchemaName="systemuser" parentDisplayName="User" />
      </MissingDependency>
      <MissingDependency>
        <Required key="10" type="2" schemaName="sample_name" displayName="Name" parentSchemaName="sample_idea" parentDisplayName="Idea" solution="InnovationHub (0.0.0.1)" />
        <Dependent key="1" type="10" schemaName="sample_sample_idea_systemuser" displayName="sample_sample_idea_systemuser" parentSchemaName="systemuser" parentDisplayName="User" />
      </MissingDependency>
      <MissingDependency>
        <Required key="3" type="10" schemaName="sample_sample_challenge_systemuser" displayName="sample_sample_challenge_systemuser" parentSchemaName="systemuser" parentDisplayName="User" solution="InnovationHub (0.0.0.1)" />
        <Dependent key="3" type="10" schemaName="sample_sample_challenge_systemuser" displayName="sample_sample_challenge_systemuser" parentSchemaName="systemuser" parentDisplayName="User" />
      </MissingDependency>
      <MissingDependency>
        <Required key="1" type="10" schemaName="sample_sample_idea_systemuser" displayName="sample_sample_idea_systemuser" parentSchemaName="systemuser" parentDisplayName="User" solution="InnovationHub (0.0.0.1)" />
        <Dependent key="1" type="10" schemaName="sample_sample_idea_systemuser" displayName="sample_sample_idea_systemuser" parentSchemaName="systemuser" parentDisplayName="User" />
      </MissingDependency>
      <MissingDependency>
        <Required key="3" type="10" schemaName="sample_sample_challenge_systemuser" displayName="sample_sample_challenge_systemuser" parentSchemaName="systemuser" parentDisplayName="User" solution="InnovationHub (0.0.0.1)" />
        <Dependent key="11" type="2" schemaName="sample_stakeholdersidname" parentSchemaName="systemuser" parentDisplayName="User" />
      </MissingDependency>
      <MissingDependency>
        <Required key="1" type="10" schemaName="sample_sample_idea_systemuser" displayName="sample_sample_idea_systemuser" parentSchemaName="systemuser" parentDisplayName="User" solution="InnovationHub (0.0.0.1)" />
        <Dependent key="12" type="2" schemaName="sample_teammemberidname" parentSchemaName="systemuser" parentDisplayName="User" />
      </MissingDependency>
      <MissingDependency>
        <Required key="13" type="61" schemaName="msdyn_/Images/AppModule_Default_Icon.png" displayName="msdyn_/Images/AppModule_Default_Icon.png" solution="AppModuleWebResources (2.5)" />
        <Dependent key="14" type="80" schemaName="contoso_ConferenceAdminApp" displayName="Conference Admin App" />
      </MissingDependency>
    </MissingDependencies>
  </SolutionManifest>
</ImportExportXml>